EDIF	LATITUD	LONGITUD	PLANTAS	HUELLA(M2)	CONFIG	OBS
ALCALA	9.01636	-79.46341	25		2	SE ENCUENTRA EN COSTA DEL ESTE. EQUIPO EN BASE Y AZOTEA
ALLURE AT THE PARK	8.97575	-79.52886111	51		2	SE ENCUENTRA N BELLA VISTA. EQUIPO EN BASE Y AZOTEA
ALTAMAR DEL ESTE	9.00809	-79.47481	49		2	SE ENCUENTRA EN COSTA DEL ESTE. EQUIPO EN BASE Y AZOTEA
ARBOLEDA	9.004319444	-79.506175	43		2	SE ENCUENTRA EN PARQUE LEFEVRE. EQUIPO EN BASE Y AZOTEA
ATRIUM						
BAHIA DEL GOLF						
BAHIA RESORT						
BAYFRONT	8.97586	-79.52068	30		2	SE ENCUENTRA EN AV. BALBOA/MARBELLA. EQUIPO EN BASE Y AZOTEA
BELLA VISTA GARDENS	8.979189	-79.530569	18		2	SE ENCUENTRA EN PEREJIL. EQUIPO EN BASE Y AZOTEA
BELLE VIEW TOWER						
BELLEVIEW TOWER						
BREEZE	9.016416	-79.467512	38		2	SE ENCUENTRA EN COSTA DEL ESTE. EQUIPO EN BASE Y AZOTEA
BRISTOL HOTEL	8.980683333	-79.52500833	28		2	SE ENCUENTRA EN MARBELLA. EQUIPO EN BASE Y AZOTEA
C.E PIJAO	9.013827778	-79.47715278	20		1	SE ENCUENTRA EN COSTA DEL ESTE. EQUIPO EN BASE
CACEA RS						PLANO FÍSICO. NO EXISTE DATA EN CUADRO DE EDIFICIOS
CAJA DE AHORROS	8.990408333	-79.52199167	16		1	SE ENCUENTRA EN VÍA ESPAÑA. EQUIPO EN BASE
CAMPEON	8.426341667	-82.42657222	1		1	APARECE COMO MALL EL CAMPEÓN. SE ENCUENTRA EN DAVID. NO APARECE NÚMERO DE PLANTAS
CANGREJO BAY						NO EXISTE DATA EN CUADRO DE EDIFICIOS
CASA BONITA	8.899513	-79.573763	27		2	SE ENCUENTRA EN KOBE
CASADELPORTO						
CD TITANIUM						EN DATA HAY UNO QUE SE LLAMA TITANIUM TOWER PERO HAY QUE VER LOS PLANOS
CENTRAL PARK						
CENTURY PLAZA						NO EXISTE DATA EN CUADRO DE EDIFICIOS
CENTURY TOWER	9.0031	-79.53245	26		2	SE ENCUENTRA EN TUMBA MUERTO. EQUIPO EN BASE Y AZOTEA
CHIRIQUI MALL	8.43094	-82.45827	1		1	SE ENCUENTRA EN C. INTERAMERICANA DAVID. EQUIPO EN BASE
CIDECYT						
CITY TOWER						
CO HIGH VIEW						HAY UNO EN LA DATA QUE SE LLAMA HIGHLAND VIEW
CONDADO BUSINESS CENTER	9.026197	-79.523011		500	1	SE ENCUENTRA EN CONDADO DEL REY. EQUIPO EN BASE
CONSTELATION						
CORONADO BAY	8.52611	-79.89169	32		2	SE ENCUENTRA EN P. CORONADO / SAN CARLOS. EQUIPO EN BASE Y AZOTEA
CORONADO GOLF	8.540569444	-79.88822222	35		2	SE ENCUENTRA EN PLAYA CORONADO. EQUIPO EN BASE Y AZOTEA
COSTA VIEW	9.013517	-79.47692	23		2	SE ENCUENTRA EN COSTA DEL ESTE. EQUIPO EN BASE Y AZOTEA
CRETA						
CRYSTAL BLUE	9.004891667	-79.51220833	20		1	SE ENCUENTRA EN VÍA ESPAÑA. EQUIPO EN BASE
CUATRO ISLAS	9.030126	-79.48939	22		2	SE ENCUENTRA EN RÍO ABAJO
DELUNA	9.014969	-79.533891	22		2	SE ENCUENTRA EN VILLA DE LAS FUENTES. EQUIPO EN BASE Y AZOTEA
DENOVO						
DESTINY	8.96706	-79.53346	54		2	SE ENCUENTRA EN LA EXPOSICIÓN. EQUIPO EN BASE Y AZOTEA
DOS MARES VIEW T200	9.00356	-79.53441	23		2	SE ENCUENTRA EN BARRIO DOS MARES. EQUIPO EN BASE Y AZOTEA
DUPONT	8.976002778	-79.508375	54		2	SE ENCUENTRA EN PUNTA PACÍFICA. EQUIPO EN BASE Y AZOTEA
ECCO TOWER	9.00464	-79.51589	26		2	SE ENCUENTRA LA SABANA-PUEBLO NUEVO. EQUIPO EN BASE Y AZOTEA
EDIFICIO QUADRAT	8.99559	-79.50711	38		2	SE ENCUENTRA EN SAN FRANCISCO
EDIFICIO VIVENDI TORRE 200	8.99528	-79.53072	27		2	SE ENCUENTRA EN LOMA LA PAVA/EDISONL
EDIFICIO VIVENDI TORRE 300	8.995154	-79.530406	32		2	SE ENCUENTRA EN EDISON PARK
EDIFICIO VIVENDI TORRE 400	8.994767	-79.52996	34		2	SE ENCUENTRA EN EDISON PARK 
EI MARE T300	8.99455	-79.5328	16		1	SE ENCUENTRA EN EDISON PARK 
EI MARE T400	8.99466	-79.53275	16		2	SE ENCUENTRA EN EDISON PARK 
ELEMENT	8.96639	-79.53412	33		2	SE ENCUENTRA EN AV. BALBOA
ELITE 400						EN LA DATA HAY UNO EDIFICIO LLAMADO Pacific Hills Torre 400 (Elite 400)
GALERIA 1	8.98295	-79.52029	23		2	SE ENCUENTRA EN OBARRIO - CALLE 54
GOLDEN PALACE	8.97281	-79.51671	36		2	SE ENCUENTRA EN PUNTA PAITILLA
GOLDEN TOWER						
GOLDEN TOWERS						
GRAN PARK HOTEL						
GYMNASIUM CANAL PANAMA						
H2O	8.96594	-79.53445	34		2	SE ENCUENTRA EN AV. BALBOA. H2O IN THE OCEAN
HARMONY TOWER						
HILL TOWER						
HOSPITAL MATERNO INFANTIL	8.4313	-82.45552	11		1	SE ENCUENTRA EN C. INTERAMERICANA/DAVID. HOSPITAL J.D. DE OBALDÍA
HOTEL AQA						
HOTEL HOWARD JOHNSON						
HOTEL MEDITERRANEAN						
JOY						
KOLOSAL						
KUBIC	8.990079	-79.525249	22		2	SE ENCUENTRA EN EL CANGREJO
LA COSTA	9.01608	-79.46494	35		2	SE ENCUENTRA EN COSTA DEL ESTE. LA COSTA TOWER
LA TORRAZA						
LAS HORTENSIAS	9.00761	-79.507798	15		1	SE ENCUENTRA EN PUEBLO NUEVO. EQUIPO EN BASE
LATITUD	9.01608	-79.4649	35		2	SE ENCUENTRA EN COSTA DEL ESTE. EQUIPO EN BASE. LATITUDE
LATORRACA						
LEFEVRE SKY	9.005937	-79.499952	27		2	SE ENCUENTRA EN PARQUE LEFEVRE. PARQUE LEFEVRE SKY
LONG BEACH	8.99735	-79.49794	15		1	SE ENCUENTRA EN COCO DEL MAR. EQUIPO EN AZOTEA
LUXOR TOWER	8.987322222	-79.52780833	28		3	SE ENCUENTRA EN VÍA ARGENTINA. EQUIPO EN BASE
MANDARIN BAY						
MARINA PLAZA	8.987233333	-79.50878889	35		2	SE ENCUENTRA EN SAN FRANCISCO. EQUIPO EN BASE Y AZOTEA
MEGAPOLIS	8.977275	-79.517875	66		2	SE ENCUENTRA EN SAN FRANCISCO. EQUIPO EN BASE Y AZOTEA. MEGÁPOLIS
METRO TOWER						
MIRADOR SAN FRANCISCO	8.98827	-79.50551	22		2	SE ENCUENTRA EN SAN FRANCISCO. EQUIPO EN BASE Y AZOTEA
MIYAKI	8.989338889	-79.51942778	28		2	SE ENCUENTRA EN BELLA VISTA. EQUIPO EN BASE Y AZOTEA
OASIS	8.992652778	-79.51717778	28		2	SE ENCUENTRA EN VÍA PORRAS. EQUIPO EN BASE Y AZOTEA. OASIS TOWER
OCEAN 2						NO SE SABE SI ES OCEAN PARK 2
OCEAN AIRE	8.980572222	-79.50700833	48		2	SE ENCUENTRA EN PUNTA PACIFICA. EQUIPO EN BASE Y AZOTEA
OCEAN DRIVE	8.981811	-79.507708	41		2	SE ENCUENTRA EN PUNTA PACIFICA. EQUIPO EN BASE Y AZOTEA
OCEAN PARK 1	8.97747	-79.50943	42		2	SE ENCUENTRA EN PUNTA PACIFICA. EQUIPO EN BASE Y AZOTEA
OCEAN SKY	8.99317	-79.49763	38		2	SE ENCUENTRA EN PUNTA PACIFICA. EQUIPO EN BASE Y AZOTEA
OFFICE PARK II						
OFFICE TOWER	8.97854	-79.51237	16		1	SE ENCUENTRA EN PUNTA PAITILLA. EQUIPO EN BASE
PACIFIC POINT T200	8.97834	-79.50765	42		2	SE ENCUENTRA EN PUNTA PAITILLA. EQUIPO EN BASE Y AZOTEA
PACIFIC POINT T300	8.97886	-79.50766	36		2	SE ENCUENTRA EN PUNTA PAITILLA. EQUIPO EN BASE Y AZOTEA
PACIFIC VILLAGE	8.976211111	-79.50783056	50		3	SE ENCUENTRA EN PUNTA PACÍFICA. EQUIPO EN BASE
PANAMA BAY TOWER	9.009775	-79.47129444	48		2	SE ENCUENTRA EN COSTA DEL ESTE. EQUIPO EN BASE Y AZOTEA
PANORAMIC						
PARAMOUNT	9.010723	-79.46827	63		2	SE ENCUENTRA EN COSTA DEL ESTE. EQUIPO EN BASE Y AZOTEA
PARK CITY	8.99019	-79.52659	20		1	SE ENCUENTRA EN EL CANGREJO. EQUIPO EN BASE 
PARK LOFT	8.996219444	-79.50355278	38		2	SE ENCUENTRA EN SAN FRANCISCO. EQUIPO EN BASE Y AZOTEA
PARQUE DEL MAR	9.0108	-79.47264	46		2	SE ENCUENTRA EN COSTA DEL ESTE. EQUIPO EN BASE Y AZOTEA
PARQUE DEL MAR 2						
PH CITRUS	8.99485	-79.50603	28		2	SE ENCUENTRA EN SAN FRANCISCO. EQUIPO EN BASE Y AZOTEA
PH FAMAGOSTA LOFT						
PH GOLDEN PALACE	8.97281	-79.51671	36		2	SE ENCUENTRA EN PUNTA PAITILLA. EQUIPO EN BASE Y AZOTEA
PH INNOVA TOWER						
PH MIRADOR SAN FRANCISCO	8.98827	-79.50551	22		2	SE ENCUENTRA EN SAN FRANCISCO. EQUIPO EN BASE Y AZOTEA
PH MONTEMAR	8.99491	-79.51387	35		2	SE ENCUENTRA EN SAN FRANCISCO. EQUIPO EN BASE Y AZOTEA
PH PARK ONE	9.00642	-79.50662	34		2	SE ENCUENTRA EN SAN FRANCISCO. EQUIPO EN BASE Y AZOTEA
PH THE LANDMARK	8.974252778	-79.51635556	44		2	SE ENCUENTRA EN PUNTA PAITILLA. EQUIPO EN BASE Y AZOTEA
PH TONELES						
PH WINDOW TOWER	8.99542	-79.51289	34		2	SE ENCUENTRA EN SAN FRANCISCO. EQUIPO EN BASE Y AZOTEA
PH. KEOPS TOWERS						
PH.URBI TOWER						
PLAYA SERENA	8.54861	-79.87181	27		2	SE ENCUENTRA EN P. GORGONA / SAN CARLOS. EQUIPO EN BASE Y AZOTEA
PLAZA VALENCIA	8.99926	-79.51768	21		3	SE ENCUENTRA EN CARRASQUILLA
PREMIUM TOWER						
PRIME TIME	9.009694	-79.475046	43		2	SE ENCUENTRA EN COSTA DEL ESTE. EQUIPO EN BASE Y AZOTEA
PROYECTO Q TOWER	8.976452778	-79.50866111	67		3	SE ENCUENTRA EN PUNTA PACÍFICA. EQUIPO EN BASE
PUNTA MARINA						
RESIDENSIAL COSTA REAL						
REVOLUTION TOWER	8.982858333	-79.51845833	52		2	SE ENCUENTRA EN SAN FRANCISCO. EQUIPO EN BASE Y AZOTEA. EDIFICIO REVOLUTION TOWER/F&F TOWER
RITZ PLAZA SUITE						
RIU PALACE						
RIVAGE						
RIVERSIDE						
RIVERSIDE						
ROSA DEL VIENTO	8.995944444	-79.50602778	32		2	SE ENCUENTRA EN SAN FRANCISCO. EQUIPO EN BASE Y AZOTEA. ROSA DEL VENTI
SAN FRANCISCO 67	8.99259	-79.51148	25		2	SE ENCUENTRA EN SAN FRANCISCO. EQUIPO EN BASE Y AZOTEA
SEAWAVES	8.98044	-79.52726	47		2	SE ENCUENTRA EN BELLA VISTA. EQUIPO EN BASE Y AZOTEA
SERENITY						
SFB 300						ME PARECE QUE ESTOS SON SAN FRANCISCO BAY T300&400
SFB 400						
SILVERLKING						
SKY TOWER	8.96783	-79.53288	54		2	SE ENCUENTRA EN LA EXPOSICIÓN. EQUIPO EN BASE Y AZOTEA
SOL DEL ESTE	9.01515	-79.47703	33		3	SE ENCUENTRA EN COSTA DEL ESTE. EQUIPO 2 EN BASE Y 1 AZOTEA
SOLMARINA	8.97682	-79.52059	36		2	SE ENCUENTRA EN PUNTA PAITILLA. EQUIPO EN BASE Y AZOTEA
STAR BAY						
SUBFOLDER						
TEN TOWER	9.010111111	-79.46731667	54		2	SE ENCUENTRA EN COSTA DEL ESTE. EQUIPO EN BASE Y AZOTEA
TERRAZAS DEL PACIFICO	8.98864	-79.51088	36		2	SE ENCUENTRA EN CALLE 50-VÍA ISRAEL. EQUIPO EN BASE Y AZOTEA
TERRAZAS DEL PARQUE	9.004794	-79.506208	18		1	SE ENCUENTRA EN PARQUE LEFEVRE. EQUIPO EN BASE
TERRAZAS DEL REY	9.026465	-79.524977	19		1	SE ENCUENTRA EN CONDADO DEL REY. EQUIPO EN BASE. EXISTEN T100-T200-T300
THE COSMOPOLITAN						
THE FORUM						
THE PEARL						
THE PENTHOUSE TOWER						
THE POINT	8.970857	-79.517925	66		2	SE ENCUENTRA EN PUNTA PAITILLA. EQUIPO EN BASE Y AZOTEA
THE REGENT	8.995061111	-79.50620833	33		2	SE ENCUENTRA EN SAN FRANCISCO. EQUIPO EN BASE Y AZOTEA. THE REGENT TOWER
THE RIM	9.01316	-79.51217	20		1	SE ENCUENTRA EN AV. 11 DE OCTUBRE. EQUIPO EN BASE
THE TRUMP OCEAN						
THE VIEW	8.991286111	-79.499925	35		2	SE ENCUENTRA EN CL 79
TOP TOWER						
TORRE ASEGURADORA	9.015377778	-79.47724444	28		2	SE ENCUENTRA EN COSTA DEL ESTE. EQUIPO EN BASE Y AZOTEA. TORRE ASEGURADORA ANCÓN
TORRE BANCO PANAMA	9.009649	-79.475768	28		2	SE ENCUENTRA EN COSTA DEL ESTE. EQUIPO EN BASE Y AZOTEA
TORRE CHASE						
TORRE DEL PARQUE						
TORRE GERONA	9.015509	-79.476098	20		1	SE ENCUENTRA EN COSTA DEL ESTE. EQUIPO EN BASE
TORRE PORTA NOVA	8.99037	-79.52963	29		2	SE ENCUENTRA EN EL CANGREJO. EQUIPO EN BASE Y AZOTEA
TORRES DE ALBA	8.98475	-79.52874	24		2	SE ENCUENTRA EN EL CANGREJO. EQUIPO EN BASE Y AZOTEA
TRIBUNAL ELECTORAL	8.966957	-79.548572	4		1	SE ENCUENTRA EN ANCON. EQUIPO EN BASE
TWIST TOWER						
VENTO MARE						
VICTORIA HILLS	9.013477	-79.512549	28		3	SE ENCUENTRA EN PUEBLO NUEVO. EQUIPO EN BASE
VILLA DEL MAR	8.975966667	-79.52489722	32		2	SE ENCUENTRA EN AV. BALBOA. EQUIPO EN BASE Y AZOTEA
VISION TOWER						
VISION TOWER 2						
VISTA BALBOA						
VISTA MARINA	8.97595	-79.52562	52		2	SE ENCUENTRA EN AV. BALBOA. EQUIPO EN BASE Y AZOTEA
VISTA MARINA 2						
VISTA MARINA T200						
VISTA PARK						
VITA BELLA						
VITRI TOWER	9.010494444	-79.463675	68		2	SE ENCUENTRA EN COSTA DEL ESTE. EQUIPO EN BASE Y AZOTEA
VITRO LOFT	8.9854	-79.52937	30		2	SE ENCUENTRA EN EL CANGREJO. EQUIPO EN BASE Y AZOTEA
WATERFALLS	8.991607	-79.499448	40		2	SE ENCUENTRA EN SAN FRANCISCO. EQUIPO EN BASE Y AZOTEA
WESTIN PLAYA BONITA	8.89835	-79.57644722	22		2	SE ENCUENTRA EN VERACRUZ. EQUIPO EN BASE Y AZOTEA. WESTIN HOTEL
YACHT CLUB TOWER						
﻿EDIF,LATITUD,LONGITUD,PLANTAS,HUELLA(M2),CONFIG,OBS
ALCALA,9.01636,-79.46341,25,,2,SE ENCUENTRA EN COSTA DEL ESTE. EQUIPO EN BASE Y AZOTEA
Allure at the park,8.97575,-79.52886111,51,,2,SE ENCUENTRA N BELLA VISTA. EQUIPO EN BASE Y AZOTEA
Altamar del este,9.00809,-79.47481,49,,2,SE ENCUENTRA EN COSTA DEL ESTE. EQUIPO EN BASE Y AZOTEA
aRBOLEDA,9.004319444,-79.506175,43,,2,SE ENCUENTRA EN PARQUE LEFEVRE. EQUIPO EN BASE Y AZOTEA
Atrium,,,,,,
Bahia del golf,,,,,,
Bahia Resort,,,,,,
Bayfront,8.97586,-79.52068,30,,2,SE ENCUENTRA EN AV. BALBOA/MARBELLA. EQUIPO EN BASE Y AZOTEA
Bella vista gardens,8.979189,-79.530569,18,,2,SE ENCUENTRA EN PEREJIL. EQUIPO EN BASE Y AZOTEA
Belle view tower,,,,,,
BELLEVIEW TOWER,,,,,,
Breeze,9.016416,-79.467512,38,,2,SE ENCUENTRA EN COSTA DEL ESTE. EQUIPO EN BASE Y AZOTEA
Bristol Hotel,8.980683333,-79.52500833,28,,2,SE ENCUENTRA EN MARBELLA. EQUIPO EN BASE Y AZOTEA
C.E PIJAO,9.013827778,-79.47715278,20,,1,SE ENCUENTRA EN COSTA DEL ESTE. EQUIPO EN BASE
CACEA RS,,,,,,PLANO FÍSICO. NO EXISTE DATA EN CUADRO DE EDIFICIOS
Caja de ahorros,8.990408333,-79.52199167,16,,1,SE ENCUENTRA EN VÍA ESPAÑA. EQUIPO EN BASE
Campeon,8.426341667,-82.42657222,1,4759.98,1,APARECE COMO MALL EL CAMPEÓN. SE ENCUENTRA EN DAVID. NO APARECE NÚMERO DE PLANTAS
Cangrejo Bay,,,,,,NO EXISTE DATA EN CUADRO DE EDIFICIOS
CASA BONITA,8.899513,-79.573763,27,,2,SE ENCUENTRA EN KOBE
CASADELPORTO,,,,,,
cd titanium,,,,,,EN DATA HAY UNO QUE SE LLAMA TITANIUM TOWER PERO HAY QUE VER LOS PLANOS
CENTRAL PARK ,,,,,,
Century Plaza,,,,,,NO EXISTE DATA EN CUADRO DE EDIFICIOS
CENTURY TOWER ,9.0031,-79.53245,26,,2,SE ENCUENTRA EN TUMBA MUERTO. EQUIPO EN BASE Y AZOTEA
Chiriqui Mall,8.43094,-82.45827,1,,1,SE ENCUENTRA EN C. INTERAMERICANA DAVID. EQUIPO EN BASE
CIDECYT,,,,,,
City Tower,,,,,,
CO HIGH VIEW,,,,,,HAY UNO EN LA DATA QUE SE LLAMA HIGHLAND VIEW
Condado Business Center,9.026197,-79.523011,,5312,1,SE ENCUENTRA EN CONDADO DEL REY. EQUIPO EN BASE
Constelation,,,,,,
CORONADO BAY,8.52611,-79.89169,32,,2,SE ENCUENTRA EN P. CORONADO / SAN CARLOS. EQUIPO EN BASE Y AZOTEA
Coronado Golf,8.540569444,-79.88822222,35,,2,SE ENCUENTRA EN PLAYA CORONADO. EQUIPO EN BASE Y AZOTEA
COSTA VIEW,9.013517,-79.47692,23,,2,SE ENCUENTRA EN COSTA DEL ESTE. EQUIPO EN BASE Y AZOTEA
CRETA,,,,,,
Crystal Blue,9.004891667,-79.51220833,20,,1,SE ENCUENTRA EN VÍA ESPAÑA. EQUIPO EN BASE
Cuatro Islas,9.030126,-79.48939,22,,2,SE ENCUENTRA EN RÍO ABAJO
DE LUNA,9.014969,-79.533891,22,,2,SE ENCUENTRA EN VILLA DE LAS FUENTES. EQUIPO EN BASE Y AZOTEA
Denovo,,,,,,
Destiny,8.96706,-79.53346,54,,2,SE ENCUENTRA EN LA EXPOSICIÓN. EQUIPO EN BASE Y AZOTEA
DOS MARES VIEW T200,9.00356,-79.53441,23,,2,SE ENCUENTRA EN BARRIO DOS MARES. EQUIPO EN BASE Y AZOTEA
Dupont,8.976002778,-79.508375,54,,2,SE ENCUENTRA EN PUNTA PACÍFICA. EQUIPO EN BASE Y AZOTEA
Ecco Tower,9.00464,-79.51589,26,,2,SE ENCUENTRA LA SABANA-PUEBLO NUEVO. EQUIPO EN BASE Y AZOTEA
EDIFICIO QUADRAT,8.99559,-79.50711,38,,2,SE ENCUENTRA EN SAN FRANCISCO
EDIFICIO VIVENDI,8.99528,-79.53072,27,,2,SE ENCUENTRA EN LOMA LA PAVA/EDISONL
,8.995154,-79.530406,32,,2,SE ENCUENTRA EN EDISON PARK
,8.994767,-79.52996,34,,2,SE ENCUENTRA EN EDISON PARK 
El MARE T300-T400,8.99455,-79.5328,16,,1,SE ENCUENTRA EN EDISON PARK 
,8.99466,-79.53275,16,,2,SE ENCUENTRA EN EDISON PARK 
Element,8.96639,-79.53412,33,,2,SE ENCUENTRA EN AV. BALBOA
Elite 400,,,,,,EN LA DATA HAY UNO EDIFICIO LLAMADO Pacific Hills Torre 400 (Elite 400)
Galeria 1,8.98295,-79.52029,23,,2,SE ENCUENTRA EN OBARRIO - CALLE 54
Golden Palace,8.97281,-79.51671,36,,2,SE ENCUENTRA EN PUNTA PAITILLA
Golden Tower,,,,,,
GOLDEN TOWERS,,,,,,
GRAN PARK HOTEL ,,,,,,
GYMNASIUM CANAL PANAMA,,,,,,
h20,8.96594,-79.53445,34,,2,SE ENCUENTRA EN AV. BALBOA. H2O IN THE OCEAN
HARMONY TOWER ,,,,,,
HILL TOWER,,,,,,
HOSPITAL MATERNO INFANTIL,8.4313,-82.45552,11,,1,SE ENCUENTRA EN C. INTERAMERICANA/DAVID. HOSPITAL J.D. DE OBALDÍA
Hotel AQA,,,,,,
Hotel Howard Johnson,,,,,,
Hotel mediterranean,,,,,,
JOY,,,,,,
Kolosal,,,,,,
KUBIC,8.990079,-79.525249,22,,2,SE ENCUENTRA EN EL CANGREJO
La Costa,9.01608,-79.46494,35,,2,SE ENCUENTRA EN COSTA DEL ESTE. LA COSTA TOWER
LA TORRAZA,,,,,,
Las hortensias,9.00761,-79.507798,15,,1,SE ENCUENTRA EN PUEBLO NUEVO. EQUIPO EN BASE
Latitud,9.01608,-79.4649,35,,2,SE ENCUENTRA EN COSTA DEL ESTE. EQUIPO EN BASE. LATITUDE
LATORRACA,,,,,,
Lefevre sky,9.005937,-79.499952,27,,2,SE ENCUENTRA EN PARQUE LEFEVRE. PARQUE LEFEVRE SKY
Long Beach,8.99735,-79.49794,15,,1,SE ENCUENTRA EN COCO DEL MAR. EQUIPO EN AZOTEA
LUXOR TOWER,8.987322222,-79.52780833,28,,3,SE ENCUENTRA EN VÍA ARGENTINA. EQUIPO EN BASE
MANDARIN BAY,,,,,,
MARINA PLAZA,8.987233333,-79.50878889,35,,2,SE ENCUENTRA EN SAN FRANCISCO. EQUIPO EN BASE Y AZOTEA
Megapolis,8.977275,-79.517875,66,,2,SE ENCUENTRA EN SAN FRANCISCO. EQUIPO EN BASE Y AZOTEA. MEGÁPOLIS
Metro Tower,,,,,,
Mirador San Francisco,8.98827,-79.50551,22,,2,SE ENCUENTRA EN SAN FRANCISCO. EQUIPO EN BASE Y AZOTEA
Miyaki,8.989338889,-79.51942778,28,,2,SE ENCUENTRA EN BELLA VISTA. EQUIPO EN BASE Y AZOTEA
Oasis,8.992652778,-79.51717778,28,,2,SE ENCUENTRA EN VÍA PORRAS. EQUIPO EN BASE Y AZOTEA. OASIS TOWER
Ocean 2,,,,,,NO SE SABE SI ES OCEAN PARK 2
Ocean Aire,8.980572222,-79.50700833,48,,2,SE ENCUENTRA EN PUNTA PACIFICA. EQUIPO EN BASE Y AZOTEA
Ocean drive,8.981811,-79.507708,41,,2,SE ENCUENTRA EN PUNTA PACIFICA. EQUIPO EN BASE Y AZOTEA
Ocean Park 1,8.97747,-79.50943,42,,2,SE ENCUENTRA EN PUNTA PACIFICA. EQUIPO EN BASE Y AZOTEA
Ocean Sky,8.99317,-79.49763,38,,2,SE ENCUENTRA EN PUNTA PACIFICA. EQUIPO EN BASE Y AZOTEA
Office Park II,,,,,,
Office Tower,8.97854,-79.51237,16,,1,SE ENCUENTRA EN PUNTA PAITILLA. EQUIPO EN BASE
Pacific point T200,8.97834,-79.50765,42,,2,SE ENCUENTRA EN PUNTA PAITILLA. EQUIPO EN BASE Y AZOTEA
Pacific point t300,8.97886,-79.50766,36,,2,SE ENCUENTRA EN PUNTA PAITILLA. EQUIPO EN BASE Y AZOTEA
Pacific village,8.976211111,-79.50783056,50,,3,SE ENCUENTRA EN PUNTA PACÍFICA. EQUIPO EN BASE
Panama Bay Tower,9.009775,-79.47129444,48,,2,SE ENCUENTRA EN COSTA DEL ESTE. EQUIPO EN BASE Y AZOTEA
PANORAMIC,,,,,,
PARAMOUNT,9.010723,-79.46827,63,,2,SE ENCUENTRA EN COSTA DEL ESTE. EQUIPO EN BASE Y AZOTEA
park city,8.99019,-79.52659,20,,1,SE ENCUENTRA EN EL CANGREJO. EQUIPO EN BASE 
Park loft,8.996219444,-79.50355278,38,,2,SE ENCUENTRA EN SAN FRANCISCO. EQUIPO EN BASE Y AZOTEA
PARQUE DEL MAR ,9.0108,-79.47264,46,,2,SE ENCUENTRA EN COSTA DEL ESTE. EQUIPO EN BASE Y AZOTEA
PARQUE DEL MAR 2,,,,,,
PH CITRUS,8.99485,-79.50603,28,,2,SE ENCUENTRA EN SAN FRANCISCO. EQUIPO EN BASE Y AZOTEA
PH FAMAGOSTA LOFT,,,,,,
PH GOLDEN PALACE,8.97281,-79.51671,36,,2,SE ENCUENTRA EN PUNTA PAITILLA. EQUIPO EN BASE Y AZOTEA
PH INNOVA TOWER,,,,,,
PH MIRADOR SAN FRANCISCO,8.98827,-79.50551,22,,2,SE ENCUENTRA EN SAN FRANCISCO. EQUIPO EN BASE Y AZOTEA
PH MONTEMAR,8.99491,-79.51387,35,,2,SE ENCUENTRA EN SAN FRANCISCO. EQUIPO EN BASE Y AZOTEA
Ph Park one,9.00642,-79.50662,34,,2,SE ENCUENTRA EN SAN FRANCISCO. EQUIPO EN BASE Y AZOTEA
PH THE LANDMARK,8.974252778,-79.51635556,44,,2,SE ENCUENTRA EN PUNTA PAITILLA. EQUIPO EN BASE Y AZOTEA
Ph Toneles,,,,,,
PH WINDOW TOWER,8.99542,-79.51289,34,,2,SE ENCUENTRA EN SAN FRANCISCO. EQUIPO EN BASE Y AZOTEA
PH. KEOPS TOWERS,,,,,,
PH.URBI TOWER,,,,,,
PLAYA SERENA,8.54861,-79.87181,27,,2,SE ENCUENTRA EN P. GORGONA / SAN CARLOS. EQUIPO EN BASE Y AZOTEA
Plaza Valencia,8.99926,-79.51768,21,,3,SE ENCUENTRA EN CARRASQUILLA
Premium Tower,,,,,,
Prime time,9.009694,-79.475046,43,,2,SE ENCUENTRA EN COSTA DEL ESTE. EQUIPO EN BASE Y AZOTEA
Proyecto Q tower,8.976452778,-79.50866111,67,,3,SE ENCUENTRA EN PUNTA PACÍFICA. EQUIPO EN BASE
PUNTA MARINA,,,,,,
RESIDENSIAL COSTA REAL,,,,,,
Revolution Tower,8.982858333,-79.51845833,52,,2,SE ENCUENTRA EN SAN FRANCISCO. EQUIPO EN BASE Y AZOTEA. EDIFICIO REVOLUTION TOWER/F&F TOWER
RITZ PLAZA SUITE,,,,,,
riu palace,,,,,,
Rivage,,,,,,
Riverside,,,,,,
RIVERSIDE,,,,,,
Rosa del viento,8.995944444,-79.50602778,32,,2,SE ENCUENTRA EN SAN FRANCISCO. EQUIPO EN BASE Y AZOTEA. ROSA DEL VENTI
San Francisco 67,8.99259,-79.51148,25,,2,SE ENCUENTRA EN SAN FRANCISCO. EQUIPO EN BASE Y AZOTEA
SEAWAVES,8.98044,-79.52726,47,,2,SE ENCUENTRA EN BELLA VISTA. EQUIPO EN BASE Y AZOTEA
Serenity,,,,,,
SFB 300,,,,,,ME PARECE QUE ESTOS SON SAN FRANCISCO BAY T300&400
SFB 400,,,,,,
SILVERLKING,,,,,,
SKY TOWER,8.96783,-79.53288,54,,2,SE ENCUENTRA EN LA EXPOSICIÓN. EQUIPO EN BASE Y AZOTEA
Sol del este,9.01515,-79.47703,33,,3,SE ENCUENTRA EN COSTA DEL ESTE. EQUIPO 2 EN BASE Y 1 AZOTEA
Solmarina,8.97682,-79.52059,36,,2,SE ENCUENTRA EN PUNTA PAITILLA. EQUIPO EN BASE Y AZOTEA
star bay,,,,,,
subfolder,,,,,,
Ten Tower,9.010111111,-79.46731667,54,,2,SE ENCUENTRA EN COSTA DEL ESTE. EQUIPO EN BASE Y AZOTEA
TERRAZAS DEL PACIFICO,8.98864,-79.51088,36,,2,SE ENCUENTRA EN CALLE 50-VÍA ISRAEL. EQUIPO EN BASE Y AZOTEA
Terrazas del parque,9.004794,-79.506208,18,,1,SE ENCUENTRA EN PARQUE LEFEVRE. EQUIPO EN BASE
Terrazas del Rey,9.026465,-79.524977,19,,1,SE ENCUENTRA EN CONDADO DEL REY. EQUIPO EN BASE. EXISTEN T100-T200-T300
THE COSMOPOLITAN,,,,,,
The forum,,,,,,
The Pearl,,,,,,
The penthouse tower,,,,,,
THE POINT,8.970857,-79.517925,66,,2,SE ENCUENTRA EN PUNTA PAITILLA. EQUIPO EN BASE Y AZOTEA
The regent,8.995061111,-79.50620833,33,,2,SE ENCUENTRA EN SAN FRANCISCO. EQUIPO EN BASE Y AZOTEA. THE REGENT TOWER
The rim,9.01316,-79.51217,20,,1,SE ENCUENTRA EN AV. 11 DE OCTUBRE. EQUIPO EN BASE
THE TRUMP OCEAN,,,,,,
The View,8.991286111,-79.499925,35,,2,SE ENCUENTRA EN CL 79
Top Tower,,,,,,
Torre Aseguradora,9.015377778,-79.47724444,28,,2,SE ENCUENTRA EN COSTA DEL ESTE. EQUIPO EN BASE Y AZOTEA. TORRE ASEGURADORA ANCÓN
Torre Banco Panama,9.009649,-79.475768,28,,2,SE ENCUENTRA EN COSTA DEL ESTE. EQUIPO EN BASE Y AZOTEA
Torre chase,,,,,,
Torre del parque,,,,,,
Torre Gerona,9.015509,-79.476098,20,,1,SE ENCUENTRA EN COSTA DEL ESTE. EQUIPO EN BASE
TORRE PORTA NOVA ,8.99037,-79.52963,29,,2,SE ENCUENTRA EN EL CANGREJO. EQUIPO EN BASE Y AZOTEA
Torres de alba,8.98475,-79.52874,24,,2,SE ENCUENTRA EN EL CANGREJO. EQUIPO EN BASE Y AZOTEA
TRIBUNAL ELECTORAL,8.966957,-79.548572,4,,1,SE ENCUENTRA EN ANCON. EQUIPO EN BASE
Twist tower,,,,,,
VENTO MARE,,,,,,
Victoria hills,9.013477,-79.512549,28,,3,SE ENCUENTRA EN PUEBLO NUEVO. EQUIPO EN BASE
Villa del mar,8.975966667,-79.52489722,32,,2,SE ENCUENTRA EN AV. BALBOA. EQUIPO EN BASE Y AZOTEA
Vision Tower,,,,,,
Vision Tower 2,,,,,,
Vista Balboa,,,,,,
VISTA MARINA ,8.97595,-79.52562,52,,2,SE ENCUENTRA EN AV. BALBOA. EQUIPO EN BASE Y AZOTEA
Vista marina 2,,,,,,
VISTA MARINA T200,,,,,,
Vista Park,,,,,,
VITA BELLA,,,,,,
Vitri Tower,9.010494444,-79.463675,68,,2,SE ENCUENTRA EN COSTA DEL ESTE. EQUIPO EN BASE Y AZOTEA
Vitro loft,8.9854,-79.52937,30,,2,SE ENCUENTRA EN EL CANGREJO. EQUIPO EN BASE Y AZOTEA
wATERFALLS,8.991607,-79.499448,40,,2,SE ENCUENTRA EN SAN FRANCISCO. EQUIPO EN BASE Y AZOTEA
WESTIN PLAYA BONITA,8.89835,-79.57644722,22,,2,SE ENCUENTRA EN VERACRUZ. EQUIPO EN BASE Y AZOTEA. WESTIN HOTEL
Yacht Club Tower,,,,,,
